구매일,상품명,카테고리,판매처,판매지역,수량,가격,구매자수
20260114,Gawr Gura Plushie,Apparel,Online Store,Seoul,15,45000,12
20260113,Mori Calliope Vinyl,Music,Pop-up Store,Tokyo,8,65000,8
20260112,Hoshimachi Suisei Acrylic,Accessory,Collab Cafe,Busan,25,15000,20
20260111,Hololive English T-Shirt,Apparel,Online Store,LA,12,35000,10
20260110,Inugami Korone Bakery Set,Goods,Pop-up Store,Osaka,5,89000,5
20260109,Usada Pekora Figure,Figure,Online Store,Seoul,3,120000,3
20260108,Oozora Subaru Cap,Apparel,Online Store,Incheon,10,28000,8
20260107,Tokoyami Towa Poster,Goods,Collab Cafe,Daegu,45,12000,30
20260106,Minato Aqua Keyring,Accessory,Online Store,Seoul,60,9000,45
20260105,Shishiro Botan PC Case,Electronic,Online Store,Tokyo,2,250000,2
20260104,Watson Amelia Magnifier,Goods,Pop-up Store,London,14,18000,11
20260103,Ninomae Ina'nis Artbook,Book,Online Store,Seoul,20,42000,18
20260102,Takanashi Kiara Mug,Goods,Collab Cafe,Jeju,15,22000,12
20260101,La+ Darknesss Cloak,Apparel,Online Store,Kyoto,5,155000,5
20251231,Sakura Miko Omamori,Accessory,Pop-up Store,Seoul,100,12000,85
20251230,Shirakami Fubuki Tea Set,Goods,Online Store,Hokkaido,7,55000,7
20251229,Natsuiro Matsuri Lantern,Goods,Collab Cafe,Fukuoka,18,19000,15
20251228,Yukihana Lamy Sake Set,Goods,Online Store,Tokyo,4,98000,4
20251227,Omaru Polka Card Game,Goods,Pop-up Store,Busan,22,25000,18
20251226,Pavolia Reine Cushion,Apparel,Online Store,Jakarta,6,38000,6
20251225,Kobo Kanaeru Umbrella,Goods,Online Store,Seoul,14,29000,12
20251224,Mori Calliope Hoodie,Apparel,Pop-up Store,LA,10,85000,9
20251223,Gawr Gura Hat,Apparel,Online Store,Seoul,22,32000,18
20251222,Houshou Marine Flag,Goods,Collab Cafe,Yokohama,8,45000,8
20251221,Amane Kanata Halo Light,Electronic,Online Store,Seoul,3,72000,3
20251220,Kiryu Coco Memorial Pin,Accessory,Online Store,Tokyo,50,15000,42
20251219,Sakamata Chloe Mask,Apparel,Pop-up Store,Seoul,35,12000,30
20251218,Hakui Koyori Lab Coat,Apparel,Online Store,Nagoya,2,110000,2
20251217,Kazama Iroha Katana Pen,Goods,Online Store,Seoul,40,9000,35
20251216,Takane Lui Tie,Apparel,Collab Cafe,Busan,12,25000,12
20251215,IRyS Music Album,Music,Online Store,Seoul,25,33000,22
20251214,Ceres Fauna Seed Kit,Goods,Pop-up Store,Saitama,15,15000,15
20251213,Ouro Kronii Watch,Accessory,Online Store,Tokyo,1,195000,1
20251212,Nanashi Mumei Diary,Book,Online Store,Seoul,18,22000,18
20251211,Hakos Baelz Dice Set,Goods,Collab Cafe,Gwangju,32,18000,28
20251210,Moona Hoshinova Lamp,Electronic,Online Store,Jakarta,5,48000,5
20251209,Ayunda Risu Nut Box,Goods,Pop-up Store,Seoul,14,14000,12
20251208,Airani Iofifteen Palette,Goods,Online Store,Bali,8,36000,8
20251207,Kureiji Ollie Ribbon,Accessory,Online Store,Seoul,25,8000,22
20251206,Anya Melfissa Dagger,Goods,Collab Cafe,Busan,4,42000,4
20251205,Vestia Zeta Folder,Book,Online Store,Tokyo,50,5000,45
20251204,Kaela Kovalskia Hammer,Goods,Pop-up Store,Seoul,2,55000,2
20251203,Ushio Noa Notebook,Book,Online Store,Daejeon,18,7000,15
20251202,Shiori Novella Bookmark,Accessory,Online Store,Seoul,85,3000,70
20251201,Koseki Bijou Pebble Case,Accessory,Collab Cafe,Ulsan,14,24000,12
20251130,Nerissa Ravencroft Pick,Music,Online Store,Tokyo,22,15000,20
20251129,Fuwawa Abyssgard Plush,Apparel,Pop-up Store,Seoul,45,45000,40
20251128,Mococo Abyssgard Plush,Apparel,Pop-up Store,Seoul,43,45000,38
20251127,Gawr Gura Hoodie,Apparel,Online Store,LA,12,89000,11
20251126,Suisei Blue Shoes,Apparel,Online Store,Seoul,3,120000,3
20251125,Pekora Carrot Pen,Goods,Collab Cafe,Daegu,60,4000,52
20251124,Ina Tentacle Slippers,Apparel,Online Store,Seoul,14,38000,14
20251123,Kiara Fried Chicken Box,Goods,Pop-up Store,Jeju,30,25000,28
20251122,Calliope Wine Glass,Goods,Online Store,Tokyo,8,55000,8
20251121,Amelia Detective Badge,Accessory,Online Store,Seoul,45,12000,40
20251120,Kronii Hourglass,Goods,Collab Cafe,Busan,4,88000,4
20251119,Mumei Feather Pen,Goods,Online Store,Seoul,18,15000,16
20251118,Fauna Nature Pot,Goods,Pop-up Store,London,12,28000,12
20251117,Baelz Chaos Dice,Goods,Online Store,Seoul,55,5000,48
20251116,Sana Space Blanket,Apparel,Online Store,Tokyo,5,75000,5
20251115,Okayu Rice Ball Bag,Apparel,Pop-up Store,Osaka,20,32000,18
20251114,Korone Boxing Gloves,Goods,Online Store,Seoul,6,65000,6
20251113,Mio Tarot Card Set,Goods,Collab Cafe,Busan,14,45000,12
20251112,Fubuki Corn Snack,Goods,Online Store,Seoul,120,2500,95
20251111,Matsuri Matsuri Lantern,Goods,Pop-up Store,Nagoya,15,22000,14
20251110,Aqua Gaming Chair,Furniture,Online Store,Seoul,1,350000,1
20251109,Shion Magic Wand,Goods,Online Store,Tokyo,6,48000,6
20251108,Ayame Oni Mask,Accessory,Collab Cafe,Kyoto,14,18000,12
20251107,Choco Cooking Apron,Apparel,Online Store,Seoul,10,35000,10
20251106,Subaru Whistle,Goods,Pop-up Store,Busan,35,9000,32
20251105,Rushia Butterfly Pin,Accessory,Online Store,Seoul,18,25000,15
20251104,Pekora Don-chan Plush,Apparel,Online Store,Tokyo,8,42000,8
20251103,Flare Fire Arrow Pen,Goods,Collab Cafe,Seoul,24,12000,20
20251102,Noel Knight Cup,Goods,Online Store,Saitama,10,38000,10
20251101,Marine Pirate Hat,Apparel,Pop-up Store,Seoul,28,55000,25
20251031,Kanata Grip Strength Kit,Goods,Online Store,Tokyo,12,15000,12
20251030,Watame Keyboard,Electronic,Online Store,Seoul,4,185000,4
20251029,Towa Devil Wings,Apparel,Collab Cafe,Busan,10,65000,10
20251028,Luna Candy Pillow,Apparel,Online Store,Osaka,18,29000,16
20251027,Lamy Snow Glass,Goods,Pop-up Store,Seoul,14,42000,14
20251026,Nene Beetle Cage,Goods,Online Store,Tokyo,5,18000,5
20251025,Botan Rifle Umbrella,Goods,Online Store,Seoul,11,48000,11
20251024,Polka Circus Ticket,Goods,Collab Cafe,Busan,40,5000,35
20251023,Laplus Crow Plush,Apparel,Online Store,Seoul,15,39000,14
20251022,Lui Hawk Mirror,Accessory,Pop-up Store,Tokyo,14,15000,12
20251021,Koyori Test Tube Set,Goods,Online Store,Seoul,8,32000,8
20251020,Chloe Orca Towel,Apparel,Collab Cafe,Jeju,22,18000,20
20251019,Iroha Eggplant Plush,Apparel,Online Store,Tokyo,10,28000,10
20251018,Risu Nutcracker,Goods,Pop-up Store,Seoul,7,35000,7
20251017,Moona Moon Lamp,Electronic,Online Store,Jakarta,4,55000,4
20251016,Iofi Paint Brush,Goods,Online Store,Seoul,35,6000,30
20251015,Ollie Sword Prop,Goods,Collab Cafe,Busan,2,75000,2
20251014,Anya Kris Dagger,Goods,Online Store,Tokyo,6,45000,6
20251013,Reine Peacock Fan,Accessory,Pop-up Store,Seoul,14,22000,12
20251012,Zeta Secret File,Book,Online Store,Seoul,20,12000,20
20251011,Kaela Blacksmith Apron,Apparel,Collab Cafe,Incheon,5,39000,5
20251010,Kobo Rain Blue CD,Music,Online Store,Jakarta,35,18000,30
20251009,Shiori Gothic Pen,Goods,Pop-up Store,Tokyo,22,15000,20
20251008,Bijou Gemstone Set,Goods,Online Store,Seoul,4,68000,4
20251007,Nerissa Raven Mask,Accessory,Collab Cafe,Busan,12,25000,12